time_utc_iso,twl_ft_mllw,tide_ft_mllw,surge_ft,src_time,source_mean_ft_mllw,source_twl90p_ft_mllw
2026-09-26T06:00:00.000Z,2.572,0.372,2.5,202609260600,2.872,2.572
2026-09-26T07:00:00.000Z,3.809,0.138,2.6,202609260700,4.109,3.809
2026-09-26T08:00:00.000Z,4.257,0.754,2.7,202609260800,4.657,4.257
2026-09-26T09:00:00.000Z,5.097,2.336,2.8,202609260900,5.497,5.097
2026-09-26T10:00:00.000Z,6.768,4.204,2.8,202609261000,7.068,6.768
2026-09-26T11:00:00.000Z,7.639,5.559,2.8,202609261100,8.039,7.639
2026-09-26T12:00:00.000Z,8.108,6.186,2.7,202609261200,8.508,8.108
2026-09-26T13:00:00.000Z,8.488,6.106,2.7,202609261300,8.888,8.488
2026-09-26T14:00:00.000Z,8.436,5.365,2.7,202609261400,8.836,8.436
2026-09-26T15:00:00.000Z,7.747,4.145,2.7,202609261500,8.147,7.747
2026-09-26T16:00:00.000Z,6.217,2.793,2.8,202609261600,6.717,6.217
2026-09-26T17:00:00.000Z,4.659,1.629,2.8,202609261700,5.159,4.659
2026-09-26T18:00:00.000Z,3.59,0.781,2.8,202609261800,4.09,3.59
2026-09-26T19:00:00.000Z,2.839,0.321,2.7,202609261900,3.339,2.839
2026-09-26T20:00:00.000Z,2.548,0.533,2.6,202609262000,2.948,2.548
2026-09-26T21:00:00.000Z,3.599,1.744,2.5,202609262100,3.899,3.599
2026-09-26T22:00:00.000Z,5.059,3.61,2.5,202609262200,5.359,5.059
2026-09-26T23:00:00.000Z,6.309,5.195,2.5,202609262300,6.609,6.309
2026-09-27T00:00:00.000Z,7.317,6.039,2.5,202609270000,7.517,7.317
2026-09-27T01:00:00.000Z,7.739,6.146,2.5,202609270100,8.039,7.739
2026-09-27T02:00:00.000Z,7.737,5.571,2.4,202609270200,7.937,7.737
2026-09-27T03:00:00.000Z,6.989,4.425,2.3,202609270300,7.189,6.989
2026-09-27T04:00:00.000Z,5.936,3.003,2.3,202609270400,6.136,5.936
2026-09-27T05:00:00.000Z,4.378,1.679,2.3,202609270500,4.578,4.378
2026-09-27T06:00:00.000Z,3.439,0.687,2.4,202609270600,3.739,3.439
2026-09-27T07:00:00.000Z,2.848,0.106,2.4,202609270700,3.148,2.848
2026-09-27T08:00:00.000Z,2.23,0.134,2.5,202609270800,2.63,2.23
2026-09-27T09:00:00.000Z,3.089,1.155,2.4,202609270900,3.289,3.089
2026-09-27T10:00:00.000Z,4.478,3.109,2.4,202609271000,4.778,4.478
2026-09-27T11:00:00.000Z,6.238,5.04,2.3,202609271100,6.438,6.238
2026-09-27T12:00:00.000Z,7.488,6.187,2.3,202609271200,7.888,7.488
2026-09-27T13:00:00.000Z,8.257,6.507,2.2,202609271300,8.557,8.257
2026-09-27T14:00:00.000Z,8.506,6.131,2.2,202609271400,8.806,8.506
2026-09-27T15:00:00.000Z,7.957,5.162,2.3,202609271500,8.357,7.957
2026-09-27T16:00:00.000Z,6.929,3.809,2.3,202609271600,7.229,6.929
2026-09-27T17:00:00.000Z,5.108,2.416,2.3,202609271700,5.408,5.108
2026-09-27T18:00:00.000Z,3.637,1.273,2.1,202609271800,3.837,3.637
2026-09-27T19:00:00.000Z,2.538,0.482,1.9,202609271900,2.738,2.538
2026-09-27T20:00:00.000Z,1.999,0.15,1.7,202609272000,2.099,1.999
2026-09-27T21:00:00.000Z,2.24,0.619,1.7,202609272100,2.44,2.24
2026-09-27T22:00:00.000Z,3.908,2.143,1.6,202609272200,4.008,3.908
2026-09-27T23:00:00.000Z,5.397,4.103,1.6,202609272300,5.497,5.397
2026-09-28T00:00:00.000Z,6.609,5.502,1.6,202609280000,6.609,6.609
2026-09-28T01:00:00.000Z,7.129,6.069,1.6,202609280100,7.229,7.129
2026-09-28T02:00:00.000Z,7.447,5.926,1.6,202609280200,7.547,7.447
2026-09-28T03:00:00.000Z,7.066,5.164,1.5,202609280300,7.166,7.066
2026-09-28T04:00:00.000Z,6.138,3.92,1.5,202609280400,6.238,6.138
2026-09-28T05:00:00.000Z,4.659,2.5,1.4,202609280500,4.759,4.659
2026-09-28T06:00:00.000Z,3.288,1.255,1.4,202609280600,3.388,3.288
2026-09-28T07:00:00.000Z,2.519,0.388,1.4,202609280700,2.519,2.519
2026-09-28T08:00:00.000Z,1.82,-0.005,1.4,202609280800,1.82,1.82
2026-09-28T09:00:00.000Z,2.03,0.335,1.4,202609280900,2.03,2.03
2026-09-28T10:00:00.000Z,3.589,1.767,1.4,202609281000,3.689,3.589
2026-09-28T11:00:00.000Z,5.459,3.944,1.3,202609281100,5.559,5.459
2026-09-28T12:00:00.000Z,6.648,5.727,1.3,202609281200,6.848,6.648
2026-09-28T13:00:00.000Z,7.239,6.569,1.3,202609281300,7.439,7.239
2026-09-28T14:00:00.000Z,7.517,6.605,1.3,202609281400,7.717,7.517
2026-09-28T15:00:00.000Z,7.298,6.01,1.3,202609281500,7.498,7.298
2026-09-28T16:00:00.000Z,6.437,4.896,1.3,202609281600,6.737,6.437
2026-09-28T17:00:00.000Z,5.059,3.482,1.3,202609281700,5.359,5.059
2026-09-28T18:00:00.000Z,3.578,2.1,1.2,202609281800,3.778,3.578
2026-09-28T19:00:00.000Z,2.497,1.008,1.2,202609281900,2.797,2.497
2026-09-28T20:00:00.000Z,1.71,0.303,1.2,202609282000,2.01,1.71
2026-09-28T21:00:00.000Z,1.469,0.137,1.1,202609282100,1.669,1.469
2026-09-28T22:00:00.000Z,2.22,0.875,1.1,202609282200,2.42,2.22
2026-09-28T23:00:00.000Z,3.827,2.605,1.1,202609282300,4.027,3.827
2026-09-29T00:00:00.000Z,5.508,4.463,1,202609290000,5.608,5.508
2026-09-29T01:00:00.000Z,6.578,5.579,1,202609290100,6.678,6.578
2026-09-29T02:00:00.000Z,7.088,5.898,0.9,202609290200,7.088,7.088
2026-09-29T03:00:00.000Z,6.827,5.586,0.9,202609290300,6.927,6.827
2026-09-29T04:00:00.000Z,6.117,4.725,0.8,202609290400,6.117,6.117
2026-09-29T05:00:00.000Z,4.767,3.457,0.8,202609290500,4.867,4.767
2026-09-29T06:00:00.000Z,3.439,2.087,0.8,202609290600,3.539,3.439
2026-09-29T07:00:00.000Z,2.45,0.949,0.7,202609290700,2.45,2.45
2026-09-29T08:00:00.000Z,1.689,0.233,0.7,202609290800,1.689,1.689
2026-09-29T09:00:00.000Z,1.061,0.059,0.7,202609290900,1.161,1.061
2026-09-29T10:00:00.000Z,1.718,0.725,0.6,202609291000,1.718,1.718
2026-09-29T11:00:00.000Z,3.709,2.463,0.6,202609291100,3.709,3.709
2026-09-29T12:00:00.000Z,5.667,4.632,0.6,202609291200,5.667,5.667
2026-09-29T13:00:00.000Z,6.766,6.133,0.6,202609291300,6.766,6.766
2026-09-29T14:00:00.000Z,6.988,6.69,0.6,202609291400,7.088,6.988
2026-09-29T15:00:00.000Z,7.129,6.531,0.6,202609291500,7.229,7.129
2026-09-29T16:00:00.000Z,6.947,5.813,0.5,202609291600,6.947,6.947
2026-09-29T17:00:00.000Z,5.779,4.634,0.5,202609291700,5.779,5.779
2026-09-29T18:00:00.000Z,4.198,3.212,0.5,202609291800,4.198,4.198
2026-09-29T19:00:00.000Z,2.797,1.875,0.5,202609291900,2.797,2.797
2026-09-29T20:00:00.000Z,1.83,0.865,0.5,202609292000,1.83,1.83
2026-09-29T21:00:00.000Z,1.151,0.281,0.5,202609292100,1.151,1.151
2026-09-29T22:00:00.000Z,1.161,0.295,0.5,202609292200,1.161,1.161
2026-09-29T23:00:00.000Z,2.387,1.231,0.5,202609292300,2.387,2.387
2026-09-30T00:00:00.000Z,4.168,2.982,0.5,202609300000,4.168,4.168
2026-09-30T01:00:00.000Z,5.438,4.599,0.5,202609300100,5.438,5.438
2026-09-30T02:00:00.000Z,5.938,5.452,0.5,202609300200,6.038,5.938
2026-09-30T03:00:00.000Z,6.268,5.617,0.5,202609300300,6.268,6.268
2026-09-30T04:00:00.000Z,6.087,5.232,0.5,202609300400,6.087,6.087
2026-09-30T05:00:00.000Z,5.32,4.342,0.5,202609300500,5.32,5.32
2026-09-30T06:00:00.000Z,4.108,3.09,0.5,202609300600,4.208,4.108
2026-09-30T07:00:00.000Z,2.809,1.794,0.5,202609300700,2.909,2.809
2026-09-30T08:00:00.000Z,1.73,0.785,0.5,202609300800,1.83,1.73
2026-09-30T09:00:00.000Z,0.979,0.243,0.5,202609300900,1.079,0.979
2026-09-30T10:00:00.000Z,0.89,0.294,0.5,202609301000,0.99,0.89
2026-09-30T11:00:00.000Z,2.009,1.204,0.5,202609301100,2.109,2.009
2026-09-30T12:00:00.000Z,4.029,3.048,0.5,202609301200,4.129,4.029
2026-09-30T13:00:00.000Z,5.597,5.027,0.5,202609301300,5.697,5.597
2026-09-30T14:00:00.000Z,6.479,6.24,0.5,202609301400,6.579,6.479
2026-09-30T15:00:00.000Z,6.866,6.61,0.5,202609301500,6.966,6.866
2026-09-30T16:00:00.000Z,7.119,6.365,0.5,202609301600,7.219,7.119
2026-09-30T17:00:00.000Z,6.587,5.608,0.5,202609301700,6.687,6.587
2026-09-30T18:00:00.000Z,5.408,4.414,0.5,202609301800,5.408,5.408
2026-09-30T19:00:00.000Z,3.87,3.018,0.5,202609301900,3.87,3.87
2026-09-30T20:00:00.000Z,2.558,1.763,0.5,202609302000,2.558,2.558
2026-09-30T21:00:00.000Z,1.767,0.874,0.5,202609302100,1.767,1.767
2026-09-30T22:00:00.000Z,1.39,0.424,0.5,202609302200,1.39,1.39
2026-09-30T23:00:00.000Z,1.571,0.56,0.5,202609302300,1.571,1.571
2026-10-01T00:00:00.000Z,2.84,1.546,0.5,202610010000,2.84,2.84
2026-10-01T01:00:00.000Z,4.247,3.157,0.5,202610010100,4.247,4.247
2026-10-01T02:00:00.000Z,5.32,4.521,0.5,202610010200,5.32,5.32
2026-10-01T03:00:00.000Z,5.777,5.212,0.6,202610010300,5.877,5.777
2026-10-01T04:00:00.000Z,6.059,5.332,0.6,202610010400,6.159,6.059
2026-10-01T05:00:00.000Z,5.989,4.948,0.5,202610010500,5.989,5.989
2026-10-01T06:00:00.000Z,5.087,4.062,0.5,202610010600,5.087,5.087
2026-10-01T07:00:00.000Z,3.798,2.843,0.5,202610010700,3.798,3.798
2026-10-01T08:00:00.000Z,2.379,1.644,0.5,202610010800,2.479,2.379
2026-10-01T09:00:00.000Z,1.438,0.789,0.5,202610010900,1.538,1.438
2026-10-01T10:00:00.000Z,1.049,0.421,0.4,202610011000,1.049,1.049
2026-10-01T11:00:00.000Z,1.139,0.621,0.5,202610011100,1.239,1.139
2026-10-01T12:00:00.000Z,2.147,1.613,0.5,202610011200,2.247,2.147
2026-10-01T13:00:00.000Z,4.022,3.372,0.5,202610011300,4.022,4.022
2026-10-01T14:00:00.000Z,5.772,5.106,0.5,202610011400,5.772,5.772
2026-10-01T15:00:00.000Z,6.799,6.117,0.5,202610011500,6.799,6.799
2026-10-01T16:00:00.000Z,7.019,6.421,0.5,202610011600,7.119,7.019
2026-10-01T17:00:00.000Z,6.797,6.183,0.5,202610011700,6.897,6.797
2026-10-01T18:00:00.000Z,6.062,5.432,0.5,202610011800,6.162,6.062
2026-10-01T19:00:00.000Z,4.894,4.248,0.5,202610011900,4.994,4.894
2026-10-01T20:00:00.000Z,3.579,2.917,0.5,202610012000,3.679,3.579
2026-10-01T21:00:00.000Z,2.467,1.789,0.4,202610012100,2.467,2.467
2026-10-01T22:00:00.000Z,1.73,1.036,0.4,202610012200,1.73,1.73
2026-10-01T23:00:00.000Z,1.377,0.667,0.4,202610012300,1.377,1.377
2026-10-02T00:00:00.000Z,1.517,0.807,0.4,202610020000,1.517,1.517
2026-10-02T01:00:00.000Z,2.409,1.699,0.4,202610020100,2.409,2.409
2026-10-02T02:00:00.000Z,3.824,3.114,0.4,202610020200,3.824,3.824
2026-10-02T03:00:00.000Z,4.915,4.305,0.4,202610020300,5.015,4.915
2026-10-02T04:00:00.000Z,5.57,4.96,0.4,202610020400,5.67,5.57
2026-10-02T05:00:00.000Z,5.737,5.127,0.4,202610020500,5.837,5.737
2026-10-02T06:00:00.000Z,5.385,4.775,0.3,202610020600,5.385,5.385
2026-10-02T07:00:00.000Z,4.51,3.9,0.3,202610020700,4.51,4.51
2026-10-02T08:00:00.000Z,3.245,2.735,0.3,202610020800,3.345,3.245
2026-10-02T09:00:00.000Z,2.173,1.663,0.3,202610020900,2.273,2.173
2026-10-02T10:00:00.000Z,1.476,0.966,0.2,202610021000,1.476,1.476
2026-10-02T11:00:00.000Z,1.112,0.702,0.2,202610021100,1.212,1.112
2026-10-02T12:00:00.000Z,1.321,0.911,0.2,202610021200,1.421,1.321
2026-10-02T13:00:00.000Z,2.229,1.819,0.2,202610021300,2.329,2.229
2026-10-02T14:00:00.000Z,3.81,3.4,0.2,202610021400,3.91,3.81
2026-10-02T15:00:00.000Z,5.346,4.936,0.2,202610021500,5.446,5.346
2026-10-02T16:00:00.000Z,6.278,5.868,0.2,202610021600,6.378,6.278
2026-10-02T17:00:00.000Z,6.618,6.208,0.2,202610021700,6.718,6.618
2026-10-02T18:00:00.000Z,6.433,6.023,0.2,202610021800,6.533,6.433
2026-10-02T19:00:00.000Z,5.604,5.294,0.2,202610021900,5.804,5.604
2026-10-02T20:00:00.000Z,4.462,4.152,0.2,202610022000,4.662,4.462
2026-10-02T21:00:00.000Z,3.243,2.933,0.2,202610022100,3.443,3.243
2026-10-02T22:00:00.000Z,2.26,1.95,0.2,202610022200,2.46,2.26
2026-10-02T23:00:00.000Z,1.593,1.283,0.2,202610022300,1.793,1.593
2026-10-03T00:00:00.000Z,1.198,0.888,0.1,202610030000,1.298,1.198
2026-10-03T01:00:00.000Z,1.234,0.924,0.1,202610030100,1.334,1.234
2026-10-03T02:00:00.000Z,1.974,1.664,0.1,202610030200,2.074,1.974
2026-10-03T03:00:00.000Z,3.228,2.918,0.1,202610030300,3.328,3.228
2026-10-03T04:00:00.000Z,4.262,4.052,0,202610030400,4.362,4.262
2026-10-03T05:00:00.000Z,4.988,4.778,0,202610030500,5.088,4.988
2026-10-03T06:00:00.000Z,5.245,5.035,0,202610030600,5.345,5.245
2026-10-03T07:00:00.000Z,4.929,4.719,0,202610030700,5.029,4.929
2026-10-03T08:00:00.000Z,4.082,3.872,0,202610030800,4.182,4.082
2026-10-03T09:00:00.000Z,3.104,2.794,0,202610030900,3.104,3.104
2026-10-03T10:00:00.000Z,2.167,1.857,0,202610031000,2.167,2.167
2026-10-03T11:00:00.000Z,1.568,1.258,0,202610031100,1.568,1.568
2026-10-03T12:00:00.000Z,1.283,0.973,0,202610031200,1.283,1.283
2026-10-03T13:00:00.000Z,1.369,1.059,0.1,202610031300,1.469,1.369
2026-10-03T14:00:00.000Z,2.11,1.8,0.1,202610031400,2.21,2.11
2026-10-03T15:00:00.000Z,3.515,3.205,0.2,202610031500,3.715,3.515
2026-10-03T16:00:00.000Z,5.045,4.635,0.2,202610031600,5.145,5.045
2026-10-03T17:00:00.000Z,6.102,5.592,0.3,202610031700,6.202,6.102
2026-10-03T18:00:00.000Z,6.632,6.022,0.3,202610031800,6.632,6.632
2026-10-03T19:00:00.000Z,6.509,5.899,0.4,202610031900,6.609,6.509
2026-10-03T20:00:00.000Z,5.825,5.215,0.4,202610032000,5.925,5.825
2026-10-03T21:00:00.000Z,4.867,4.157,0.5,202610032100,4.967,4.867
2026-10-03T22:00:00.000Z,3.777,3.067,0.5,202610032200,3.877,3.777
2026-10-03T23:00:00.000Z,2.992,2.182,0.6,202610032300,3.092,2.992
2026-10-04T00:00:00.000Z,2.3,1.49,0.6,202610040000,2.4,2.3
2026-10-04T01:00:00.000Z,1.782,0.972,0.6,202610040100,1.882,1.782
2026-10-04T02:00:00.000Z,1.685,0.875,0.7,202610040200,1.885,1.685
2026-10-04T03:00:00.000Z,2.309,1.499,0.7,202610040300,2.509,2.309
2026-10-04T04:00:00.000Z,3.493,2.683,0.7,202610040400,3.693,3.493
2026-10-04T05:00:00.000Z,4.671,3.861,0.7,202610040500,4.871,4.671
2026-10-04T06:00:00.000Z,5.517,4.707,0.7,202610040600,5.717,5.517
2026-10-04T07:00:00.000Z,5.968,5.058,0.7,202610040700,6.068,5.968
2026-10-04T08:00:00.000Z,5.701,4.791,0.7,202610040800,5.801,5.701
2026-10-04T09:00:00.000Z,4.913,4.003,0.7,202610040900,5.013,4.913
2026-10-04T10:00:00.000Z,3.93,3.02,0.7,202610041000,4.03,3.93
2026-10-04T11:00:00.000Z,3.076,2.166,0.8,202610041100,3.276,3.076
2026-10-04T12:00:00.000Z,2.46,1.55,0.8,202610041200,2.66,2.46
2026-10-04T13:00:00.000Z,2.037,1.127,0.8,202610041300,2.237,2.037
2026-10-04T14:00:00.000Z,1.947,1.037,0.8,202610041400,2.147,1.947
2026-10-04T15:00:00.000Z,2.635,1.625,0.8,202610041500,2.735,2.635
2026-10-04T16:00:00.000Z,3.929,2.919,0.9,202610041600,4.129,3.929
2026-10-04T17:00:00.000Z,5.339,4.329,0.9,202610041700,5.539,5.339
2026-10-04T18:00:00.000Z,6.471,5.361,0.9,202610041800,6.571,6.471
2026-10-04T19:00:00.000Z,6.995,5.885,0.9,202610041900,7.095,6.995
2026-10-04T20:00:00.000Z,6.846,5.836,0.9,202610042000,7.046,6.846
2026-10-04T21:00:00.000Z,6.238,5.228,0.9,202610042100,6.438,6.238
2026-10-04T22:00:00.000Z,5.276,4.266,0.9,202610042200,5.476,5.276
2026-10-04T23:00:00.000Z,4.264,3.254,0.9,202610042300,4.464,4.264
2026-10-05T00:00:00.000Z,3.367,2.357,0.9,202610050000,3.567,3.367
2026-10-05T01:00:00.000Z,2.55,1.54,0.9,202610050100,2.75,2.55
2026-10-05T02:00:00.000Z,1.882,0.872,0.9,202610050200,2.082,1.882
2026-10-05T03:00:00.000Z,1.697,0.687,0.8,202610050300,1.797,1.697
2026-10-05T04:00:00.000Z,2.303,1.293,0.8,202610050400,2.403,2.303
2026-10-05T05:00:00.000Z,3.423,2.513,0.8,202610050500,3.623,3.423
2026-10-05T06:00:00.000Z,4.7,3.79,0.8,202610050600,4.9,4.7
2026-10-05T07:00:00.000Z,5.666,4.756,0.7,202610050700,5.766,5.666
2026-10-05T08:00:00.000Z,6.113,5.203,0.7,202610050800,6.213,6.113
2026-10-05T09:00:00.000Z,5.921,5.011,0.7,202610050900,6.021,5.921
2026-10-05T10:00:00.000Z,5.097,4.287,0.7,202610051000,5.297,5.097
2026-10-05T11:00:00.000Z,4.156,3.346,0.7,202610051100,4.356,4.156
2026-10-05T12:00:00.000Z,3.278,2.468,0.7,202610051200,3.478,3.278
